id,name,set,setNumber,year,type,rarity,artist,image,price,condition,status,suggestedPrice,priceCheckedAt
moltres-vstar-universe-018-172-jp,Moltres,VSTAR Universe,018/172,2022,Fire,Common,otumami,/images/cards-collection/moltres-vstar-universe-018-172-jp.webp,,NM,available,,
sableye-lost-abyss-044-100-jp,Sableye,Lost Abyss,044/100,2022,Psychic,Holo,Shibuzoh.,/images/cards-collection/sableye-lost-abyss-044-100-jp.webp,,NM,available,,
team-rocket-s-dugtrio-mask-of-change-083-193-jp,Team Rocket's Dugtrio,Mask of Change,083/193,2025,Fighting,Common,KEIICHIRO ITO,/images/cards-collection/team-rocket-s-dugtrio-mask-of-change-083-193-jp.webp,,NM,available,,
deoxys-vstar-universe-060-172-jp,Deoxys,VSTAR Universe,060/172,2022,Psychic,Common,Souichirou Gunjima,/images/cards-collection/deoxys-vstar-universe-060-172-jp.webp,,NM,available,,
terapagos-terastal-fest-ex-144-193-jp,Terapagos,Terastal Fest ex,144/193,2025,Normal,Holo,GIDORA,/images/cards-collection/terapagos-terastal-fest-ex-144-193-jp.webp,,NM,available,,
groudon-terastal-festival-ex-080-187-jp,Groudon,Terastal Festival ex,080/187,2024,Fighting,Rare,Uta,/images/cards-collection/groudon-terastal-festival-ex-080-187-jp.webp,,NM,available,,
sableye-v-sword-shield-064-060-jp,Sableye V,Sword & Shield,064/060,2020,Dark,SR,Eske Yoshinob,/images/cards-collection/sableye-v-sword-shield-064-060-jp.webp,,NM,available,,
mega-starmie-ex-stellar-miracle-021-080-jp,Mega Starmie ex,Stellar Miracle,021/080,2026,Water,RR,5ban Graphics,/images/cards-collection/mega-starmie-ex-stellar-miracle-021-080-jp.webp,,NM,available,,
rotom-vstar-vstar-universe-002-006-jp,Rotom VSTAR,VSTAR Universe,002/006,2022,Electric,Other,5ban Graphics,/images/cards-collection/rotom-vstar-vstar-universe-002-006-jp.webp,,NM,available,,
victini-v-start-deck-100-003-023-jp,Victini V,Start Deck 100,003/023,2021,Fire,RR,PLANETA Tsuji,/images/cards-collection/victini-v-start-deck-100-003-023-jp.webp,,NM,available,,
arceus-vstar-star-birth-084-100-jp,Arceus VSTAR,Star Birth,084/100,2022,Normal,RRR,5ban Graphics,/images/cards-collection/arceus-vstar-star-birth-084-100-jp.webp,,NM,available,,
lucario-star-birth-055-100-jp,Lucario,Star Birth,055/100,2022,Fighting,RR,GIDORA,/images/cards-collection/lucario-star-birth-055-100-jp.webp,,NM,available,,
cyber-judge-070-187-jp,ソウブレイズ,Cyber Judge,070/187,2024,Psychic,Uncommon,Ryota Murayama,/images/cards-collection/cyber-judge-070-187-jp.webp,,NM,available,,
electrode-expansion-pack-20th-anniversary-038-087-jp,Electrode,Expansion Pack 20th Anniversary,038/087,2016,Electric,Uncommon,Keiji Kinebuchi,/images/cards-collection/electrode-expansion-pack-20th-anniversary-038-087-jp.webp,,NM,available,,
reshiram-zekrom-gx-dream-league-036-049-jp,Reshiram & Zekrom GX,Dream League,036/049,2019,Fire,RR,Naoki Saito,/images/cards-collection/reshiram-zekrom-gx-dream-league-036-049-jp.webp,,NM,available,,
arcanine-pokemon-card-151-059-165-jp,Arcanine,Pokemon Card 151,059/165,2023,Fire,Uncommon,Atsushi Furusawa,/images/cards-collection/arcanine-pokemon-card-151-059-165-jp.webp,,NM,available,,
aerodactyl-151-142-165-jp,Aerodactyl,151,142/165,2023,Normal,RR,Shinji Kanda,/images/cards-collection/aerodactyl-151-142-165-jp.webp,,NM,available,0.35,2026-05-31
riolu-cyber-judge-091-193-jp,Riolu,Cyber Judge,091/193,2024,Fighting,Common,hncl,/images/cards-collection/riolu-cyber-judge-091-193-jp.webp,,NM,available,,
vaporeon-151-134-165-jp,Vaporeon,151,134/165,2023,Water,Rare,kirisAki,/images/cards-collection/vaporeon-151-134-165-jp.webp,,NM,available,0.38,2026-05-31
hop-s-snorlax-master-ball-136-193-jp,Hop's Snorlax,Master Ball,136/193,2025,Normal,AR,OKACHEKE,/images/cards-collection/hop-s-snorlax-master-ball-136-193-jp.webp,,NM,available,,
amaura-destined-rivals-084-080-jp,Amaura,Destined Rivals,084/080,2026,Water,AR,Masa,/images/cards-collection/amaura-destined-rivals-084-080-jp.webp,,NM,available,,
moltres-pokemon-go-012-071-jp,Moltres,Pokémon GO,012/071,2022,Fire,Holo,Pani Kobayashi,/images/cards-collection/moltres-pokemon-go-012-071-jp.webp,,NM,available,,
appletun-fusion-arts-013-184-jp,Appletun,Fusion Arts,013/184,2021,Grass,Common,Shin Nagasawa,/images/cards-collection/appletun-fusion-arts-013-184-jp.webp,,NM,available,,
latias-fusion-arts-074-100-jp,Latias,Fusion Arts,074/100,2021,Psychic,Uncommon,Yuu Nishida,/images/cards-collection/latias-fusion-arts-074-100-jp.webp,,NM,available,,
zoroark-vstar-universe-091-172-jp,Zoroark,VSTAR Universe,091/172,2022,Dark,Holo,Souichirou Gunjima,/images/cards-collection/zoroark-vstar-universe-091-172-jp.webp,,NM,available,,
banette-ex-scarlet-violet-229-198,Banette ex,Scarlet & Violet,229/198,2023,Psychic,SAR,PLANETA Mochizuki,/images/cards-collection/banette-ex-scarlet-violet-229-198.webp,,NM,available,1.78,2026-05-31
banette-ex-scarlet-violet-229-198-2,Banette ex,Scarlet & Violet,229/198,2023,Psychic,SAR,PLANETA Mochizuki,/images/cards-collection/banette-ex-scarlet-violet-229-198-2.webp,,NM,available,1.78,2026-05-31
oinkologne-ex-scarlet-violet-234-198,Oinkologne ex,Scarlet & Violet,234/198,2023,Normal,SAR,aky CG Works,/images/cards-collection/oinkologne-ex-scarlet-violet-234-198.webp,,NM,available,1.43,2026-05-31
sparkling-crystal-stellar-crown-142-142,Sparkling Crystal,Stellar Crown,142/142,2024,Normal,Other,Toyste Beach,/images/cards-collection/sparkling-crystal-stellar-crown-142-142.webp,,NM,available,0.52,2026-05-31
garganacl-ex-stellar-crown-089-142,Garganacl ex,Stellar Crown,089/142,2024,Fighting,Full Art,5ban Graphics,/images/cards-collection/garganacl-ex-stellar-crown-089-142.webp,,NM,available,,
banette-ex-scarlet-violet-088-198,Banette ex,Scarlet & Violet,088/198,2023,Psychic,Holo,PLANETA Mochizuki,/images/cards-collection/banette-ex-scarlet-violet-088-198.webp,,NM,available,,
golduck-my-pokemon-collection-008,Golduck,My Pokémon Collection,008,2025,Water,Common,Jiro Sasumo,/images/cards-collection/golduck-my-pokemon-collection-008.webp,,NM,available,,
raikou-shining-legends-32-73,Raikou,Shining Legends,32/73,2017,Electric,Rare,Mitsuhiro Arita,/images/cards-collection/raikou-shining-legends-32-73.webp,,NM,available,0.82,2026-05-31
pawmot-ex-obsidian-flames-073-197,Pawmot ex,Obsidian Flames,073/197,2023,Electric,Holo,aky CG Works,/images/cards-collection/pawmot-ex-obsidian-flames-073-197.webp,,NM,available,,
scream-tail-ex-twilight-masquerade-094-167,Scream Tail ex,Twilight Masquerade,094/167,2024,Psychic,RR,akagi,/images/cards-collection/scream-tail-ex-twilight-masquerade-094-167.webp,,NM,available,,
miraidon-ex-scarlet-violet-081-198,Miraidon ex,Scarlet & Violet,081/198,2023,Electric,Holo,5ban Graphics,/images/cards-collection/miraidon-ex-scarlet-violet-081-198.webp,,NM,available,,
oinkologne-ex-scarlet-violet-158-198,Oinkologne ex,Scarlet & Violet,158/198,2023,Normal,Holo,aky CG Works,/images/cards-collection/oinkologne-ex-scarlet-violet-158-198.webp,,NM,available,0.64,2026-05-31
paldean-clodsire-ex-paldea-evolved-130-193,Paldean Clodsire ex,Paldea Evolved,130/193,2023,Water,Full Art,PLANETA Mochizuki,/images/cards-collection/paldean-clodsire-ex-paldea-evolved-130-193.webp,,NM,available,0.83,2026-05-31
granbull-v-brilliant-stars-057-172,Granbull V,Brilliant Stars,057/172,2022,Psychic,Full Art,PLANETA Mochizuki,/images/cards-collection/granbull-v-brilliant-stars-057-172.webp,,NM,available,,
medicham-ex-stellar-crown-080-142,Medicham ex,Stellar Crown,080/142,2024,Fighting,Holo,PLANETA Yamashita,/images/cards-collection/medicham-ex-stellar-crown-080-142.webp,,NM,available,,
steelix-v-vivid-voltage-115-185,Steelix V,Vivid Voltage,115/185,2020,Steel,Full Art,Satoshi Shirai,/images/cards-collection/steelix-v-vivid-voltage-115-185.webp,,NM,available,0.84,2026-05-31
flygon-ex-surging-sparks-106-191,Flygon ex,Surging Sparks,106/191,2024,Fighting,Other,5ban Graphics,/images/cards-collection/flygon-ex-surging-sparks-106-191.webp,,NM,available,0.75,2026-05-31
skeledirge-ex-paldea-evolved-037-193,Skeledirge ex,Paldea Evolved,037/193,2023,Fire,Holo,5ban Graphics,/images/cards-collection/skeledirge-ex-paldea-evolved-037-193.webp,,NM,available,,
cyclizar-ex-surging-sparks-159-191,Cyclizar ex,Surging Sparks,159/191,2024,Normal,SAR,5ban Graphics,/images/cards-collection/cyclizar-ex-surging-sparks-159-191.webp,,NM,available,0.66,2026-05-31
cinderace-ex-stellar-crown-028-142,Cinderace ex,Stellar Crown,028/142,2024,Fire,Holo,5ban Graphics,/images/cards-collection/cinderace-ex-stellar-crown-028-142.webp,,NM,available,,
origin-forme-palkia-v-astral-radiance-039-189,Origin Forme Palkia V,Astral Radiance,039/189,2022,Water,Full Art,aky CG Works,/images/cards-collection/origin-forme-palkia-v-astral-radiance-039-189.webp,,NM,available,,
orthworm-ex-stellar-crown-162-142,Orthworm ex,Stellar Crown,162/142,2024,Steel,SR,PLANETA Mochizuki,/images/cards-collection/orthworm-ex-stellar-crown-162-142.webp,,NM,available,1.2,2026-05-31
melony-chilling-reign-195-198,Melony,Chilling Reign,195/198,2021,Water,Full Art,Taira Akitsu,/images/cards-collection/melony-chilling-reign-195-198.webp,,NM,available,5.79,2026-05-31
professor-s-research-professor-oak-celebrations-024-025,Professor's Research Professor Oak,Celebrations,024/025,2021,Normal,Full Art,Ken Sugimori,/images/cards-collection/professor-s-research-professor-oak-celebrations-024-025.webp,,NM,available,,
grafaiai-paldea-evolved-223-193,Grafaiai,Paldea Evolved,223/193,2023,Dark,SAR,Oswaldo KATO,/images/cards-collection/grafaiai-paldea-evolved-223-193.webp,,NM,available,7.58,2026-05-31
dondozo-scarlet-violet-207-198,Dondozo,Scarlet & Violet,207/198,2023,Water,SAR,AKIRA EGAWA,/images/cards-collection/dondozo-scarlet-violet-207-198.webp,,NM,available,14.08,2026-05-31
braviary-surging-sparks-214-191,Braviary,Surging Sparks,214/191,2024,Normal,SAR,Gapao,/images/cards-collection/braviary-surging-sparks-214-191.webp,,NM,available,5.86,2026-05-31
necrozma-alter-genesis-072-095-jp,Necrozma,Alter Genesis,072/095,2019,Psychic,Common,Hasuno,/images/cards-collection/necrozma-alter-genesis-072-095-jp.webp,,NM,available,,
wally-s-compassion-mega-evolution-176-132,Wally's Compassion,Mega Evolution,176/132,2025,Normal,Full Art,Iori Suzuki,/images/cards-collection/wally-s-compassion-mega-evolution-176-132.webp,,NM,available,4.24,2026-05-31
venusaur-v-swsh-promo-swsh100,Venusaur V,SWSH Promo,SWSH100,2021,Grass,Promo,aky CG Works,/images/cards-collection/venusaur-v-swsh-promo-swsh100.webp,,NM,available,,
charizard-dragon-majesty-3-70,Charizard,Dragon Majesty,3/70,2018,Fire,Holo,Ryota Murayama,/images/cards-collection/charizard-dragon-majesty-3-70.webp,,NM,available,14.79,2026-05-31
tsareena-ex-paradox-rift-220-182,Tsareena ex,Paradox Rift,220/182,2023,Grass,SAR,5ban Graphics,/images/cards-collection/tsareena-ex-paradox-rift-220-182.webp,,NM,available,2.12,2026-05-31
charizard-dragon-majesty-3-70-2,Charizard,Dragon Majesty,3/70,2018,Fire,Holo,Ryota Murayama,/images/cards-collection/charizard-dragon-majesty-3-70-2.webp,,NM,available,14.79,2026-05-31
eevee-swsh-black-star-promos-swsh118,Eevee,SWSH Black Star Promos,SWSH118,2021,Normal,Promo,Yuu Nishida,/images/cards-collection/eevee-swsh-black-star-promos-swsh118.webp,,NM,available,,
mandibuzz-white-flare-145-086,Mandibuzz,White Flare,145/086,2025,Dark,Other,Bun Toujo,/images/cards-collection/mandibuzz-white-flare-145-086.webp,,NM,available,7.12,2026-05-31
gravity-mountain-surging-sparks-250-191,Gravity Mountain,Surging Sparks,250/191,2024,Normal,SR,AYUMI ODASHIMA,/images/cards-collection/gravity-mountain-surging-sparks-250-191.webp,,NM,available,10.34,2026-05-31
fairy-energy-xy-base-set-131-146,Fairy Energy,XY Base Set,131/146,2013,Fairy,Common,Ryo Ueda,/images/cards-collection/fairy-energy-xy-base-set-131-146.webp,,NM,available,,
night-stretcher-mega-evolution-173-132,Night Stretcher,Mega Evolution,173/132,2025,Normal,SR,Toyste Beach,/images/cards-collection/night-stretcher-mega-evolution-173-132.webp,,NM,available,5.43,2026-05-31
mienshao-white-flare-134-086,Mienshao,White Flare,134/086,2025,Fighting,Other,Atsuya Uki,/images/cards-collection/mienshao-white-flare-134-086.webp,,NM,available,8.02,2026-05-31
snorlax-hidden-fates-50-68,Snorlax,Hidden Fates,50/68,2019,Normal,Rare,Akira Komayama,/images/cards-collection/snorlax-hidden-fates-50-68.webp,,NM,available,2.58,2026-05-31
clauncher-scarlet-violet-205-198,Clauncher,Scarlet & Violet,205/198,2023,Water,SAR,Shinya Komatsu,/images/cards-collection/clauncher-scarlet-violet-205-198.webp,,NM,available,8,2026-05-31
m-rayquaza-ex-roaring-skies-76-108,M Rayquaza EX,Roaring Skies,76/108,2015,Dragon,Full Art,5ban Graphics,/images/cards-collection/m-rayquaza-ex-roaring-skies-76-108.webp,,NM,available,,
eevee-lost-thunder-155-214,Eevee,Lost Thunder,155/214,2018,Normal,Common,Sekio,/images/cards-collection/eevee-lost-thunder-155-214.webp,,NM,available,0.69,2026-05-31
artazon-obsidian-flames-229-197,Artazon,Obsidian Flames,229/197,2023,Normal,UR,Oswaldo KATO,/images/cards-collection/artazon-obsidian-flames-229-197.webp,,NM,available,1.6,2026-05-31
raging-bolt-ex-temporal-forces-123-162,Raging Bolt ex,Temporal Forces,123/162,2024,Electric,Full Art,aky CG Works,/images/cards-collection/raging-bolt-ex-temporal-forces-123-162.webp,,NM,available,3.28,2026-05-31
koraidon-ex-scarlet-violet-247-198,Koraidon ex,Scarlet & Violet,247/198,2023,Fighting,SAR,Ryota Murayama,/images/cards-collection/koraidon-ex-scarlet-violet-247-198.webp,,NM,available,23.78,2026-05-31
slaking-paldea-evolved-162-193,Slaking,Paldea Evolved,162/193,2023,Normal,Rare,Yuya Oka,/images/cards-collection/slaking-paldea-evolved-162-193.webp,,NM,available,0.18,2026-05-31
vigoroth-paldea-evolved-161-193,Vigoroth,Paldea Evolved,161/193,2023,Normal,Common,GIDORA,/images/cards-collection/vigoroth-paldea-evolved-161-193.webp,,NM,available,0.07,2026-05-31
slakoth-paldea-evolved-160-193,Slakoth,Paldea Evolved,160/193,2023,Normal,Common,Shigenori Negishi,/images/cards-collection/slakoth-paldea-evolved-160-193.webp,,NM,available,0.07,2026-05-31
espeon-lost-thunder-89-214,Espeon,Lost Thunder,89/214,2018,Psychic,Rare,Ryota Murayama,/images/cards-collection/espeon-lost-thunder-89-214.webp,,NM,available,8.1,2026-05-31
archaludon-stellar-crown-155-142,Archaludon,Stellar Crown,155/142,2024,Steel,SAR,Toshinao Aoki,/images/cards-collection/archaludon-stellar-crown-155-142.webp,,NM,available,3.91,2026-05-31
applin-twilight-masquerade-185-167,Applin,Twilight Masquerade,185/167,2024,Dragon,SAR,Katsunori Sato,/images/cards-collection/applin-twilight-masquerade-185-167.webp,,NM,available,11.3,2026-05-31
garganacl-paradox-rift-202-182,Garganacl,Paradox Rift,202/182,2023,Fighting,SAR,kodama,/images/cards-collection/garganacl-paradox-rift-202-182.webp,,NM,available,5.81,2026-05-31
blaziken-v-chilling-reign-020-198,Blaziken V,Chilling Reign,020/198,2021,Fire,Full Art,Ayaka Yoshida,/images/cards-collection/blaziken-v-chilling-reign-020-198.webp,,NM,available,,
mega-lucario-ex-surging-sparks-077-132,Mega Lucario ex,Surging Sparks,077/132,2025,Fighting,Holo,5ban Graphics,/images/cards-collection/mega-lucario-ex-surging-sparks-077-132.webp,,NM,available,,
tyranitar-v-fusion-strike-158-264,Tyranitar V,Fusion Strike,158/264,2021,Dark,Full Art,5ban Graphics,/images/cards-collection/tyranitar-v-fusion-strike-158-264.webp,,NM,available,0.97,2026-05-31
mega-mawile-ex-mega-destined-094-132,Mega Mawile ex,Mega Destined,094/132,2025,Steel,Full Art,aky CG Works,/images/cards-collection/mega-mawile-ex-mega-destined-094-132.webp,,NM,available,,
clemont-s-quick-wit-surging-sparks-229-191,Clemont's Quick Wit,Surging Sparks,229/191,2024,Electric,SAR,Naoki Saito,/images/cards-collection/clemont-s-quick-wit-surging-sparks-229-191.webp,,NM,available,1.19,2026-05-31
rayquaza-v-crown-zenith-100-159,Rayquaza V,Crown Zenith,100/159,2023,Dragon,Full Art,PLANETA Mochizuki,/images/cards-collection/rayquaza-v-crown-zenith-100-159.webp,,NM,available,1.48,2026-05-31
gumshoos-mega-evolution-153-132,Gumshoos,Mega Evolution,153/132,2025,Normal,Other,Mina Nakai,/images/cards-collection/gumshoos-mega-evolution-153-132.webp,,NM,available,4.29,2026-05-31
mega-signal-mega-evolution-171-132,Mega Signal,Mega Evolution,171/132,2025,Normal,SR,inose yukie,/images/cards-collection/mega-signal-mega-evolution-171-132.webp,,NM,available,1.08,2026-05-31
porygon-z-paradox-rift-214-182,Porygon-Z,Paradox Rift,214/182,2023,Normal,SAR,GOSSAN,/images/cards-collection/porygon-z-paradox-rift-214-182.webp,,NM,available,12.14,2026-05-31
steelix-v-vivid-voltage-176-185,Steelix V,Vivid Voltage,176/185,2020,Steel,Full Art,Satoshi Shirai,/images/cards-collection/steelix-v-vivid-voltage-176-185.webp,,NM,available,5.05,2026-05-31
galarian-sirfetch-d-v-vivid-voltage-174-185,Galarian Sirfetch'd V,Vivid Voltage,174/185,2020,Fighting,Full Art,PLANETA Tsuji,/images/cards-collection/galarian-sirfetch-d-v-vivid-voltage-174-185.webp,,NM,available,2.11,2026-05-31
mewtwo-v-pokemon-go-swsh223,Mewtwo V,Pokémon GO,SWSH223,2022,Psychic,Promo,PLANETA Mochizuki,/images/cards-collection/mewtwo-v-pokemon-go-swsh223.webp,,NM,available,,
volo-lost-origin-211-196,Volo,Lost Origin,211/196,2022,Normal,SR,kirisAki,/images/cards-collection/volo-lost-origin-211-196.webp,,NM,available,4.25,2026-05-31
drayton-surging-sparks-232-191,Drayton,Surging Sparks,232/191,2024,Dragon,SAR,GIDORA,/images/cards-collection/drayton-surging-sparks-232-191.webp,,NM,available,1.14,2026-05-31
sawk-white-flare-130-086,Sawk,White Flare,130/086,2025,Fighting,SR,nagimiso,/images/cards-collection/sawk-white-flare-130-086.webp,,NM,available,7.95,2026-05-31
haunter-temporal-forces-103-162,Haunter,Temporal Forces,103/162,2024,Psychic,Common,MAHOU,/images/cards-collection/haunter-temporal-forces-103-162.webp,,NM,available,0.23,2026-05-31
haunter-temporal-forces-103-162-2,Haunter,Temporal Forces,103/162,2024,Psychic,Common,MAHOU,/images/cards-collection/haunter-temporal-forces-103-162-2.webp,,NM,available,0.23,2026-05-31
charcadet-stellar-crown-033-191,Charcadet,Stellar Crown,033/191,2024,Fire,Common,Mékayu,/images/cards-collection/charcadet-stellar-crown-033-191.webp,,NM,available,,
onix-pokemon-go-036-078,Onix,Pokémon GO,036/078,2022,Fighting,Common,Mitsuhiro Arita,/images/cards-collection/onix-pokemon-go-036-078.webp,,NM,available,,
okidogi-twilight-masquerade-111-167,Okidogi,Twilight Masquerade,111/167,2024,Fighting,Rare,Souichirou Gunjima,/images/cards-collection/okidogi-twilight-masquerade-111-167.webp,,NM,available,0.17,2026-05-31
ninetales-obsidian-flames-029-197,Ninetales,Obsidian Flames,029/197,2023,Fire,Uncommon,Yoshioka,/images/cards-collection/ninetales-obsidian-flames-029-197.webp,,NM,available,,
lapras-stellar-crown-031-142,Lapras,Stellar Crown,031/142,2024,Water,Holo,rika,/images/cards-collection/lapras-stellar-crown-031-142.webp,,NM,available,,
dedenne-breakthrough-57-162,Dedenne,BREAKthrough,57/162,2015,Electric,Common,Kouki Saitou,/images/cards-collection/dedenne-breakthrough-57-162.webp,,NM,available,0.34,2026-05-31
great-ball-firered-leafgreen-92-112,Great Ball,FireRed & LeafGreen,92/112,2004,Normal,Uncommon,Nakaoka,/images/cards-collection/great-ball-firered-leafgreen-92-112.webp,,NM,available,1.94,2026-05-31
charmeleon-hidden-fates-8-68,Charmeleon,Hidden Fates,8/68,2019,Fire,Common,Shin Nagasawa,/images/cards-collection/charmeleon-hidden-fates-8-68.webp,,NM,available,0.16,2026-05-31
eevee-hidden-fates-49-68,Eevee,Hidden Fates,49/68,2019,Normal,Common,Hitoshi Ariga,/images/cards-collection/eevee-hidden-fates-49-68.webp,,NM,available,0.2,2026-05-31
charmander-evolutions-9-108,Charmander,Evolutions,9/108,2016,Fire,Common,Mitsuhiro Arita,/images/cards-collection/charmander-evolutions-9-108.webp,,NM,available,0.16,2026-05-31
charmeleon-burning-shadows-19-147,Charmeleon,Burning Shadows,19/147,2017,Fire,Uncommon,kawayoo,/images/cards-collection/charmeleon-burning-shadows-19-147.webp,,NM,available,0.29,2026-05-31
flareon-sun-moon-promo-sm186,Flareon,Sun & Moon Promo,SM186,2018,Fire,Promo,Shin Nagasawa,/images/cards-collection/flareon-sun-moon-promo-sm186.webp,,NM,available,,
alolan-raichu-sun-moon-promos-sm65,Alolan Raichu,Sun & Moon Promos,SM65,2017,Electric,Promo,5ban Graphics,/images/cards-collection/alolan-raichu-sun-moon-promos-sm65.webp,,NM,available,,
alolan-raichu-crimson-invasion-31-111,Alolan Raichu,Crimson Invasion,31/111,2017,Electric,Rare,Akira Komayama,/images/cards-collection/alolan-raichu-crimson-invasion-31-111.webp,,NM,available,1.36,2026-05-31
dragonite-151-149-165-jp,Dragonite,151,149/165,2023,Dragon,RR,Sanosuke Sakuma,/images/cards-collection/dragonite-151-149-165-jp.webp,,NM,available,0.94,2026-05-31
duraludon-v-blue-sky-stream-073-127-jp,Duraludon V,Blue Sky Stream,073/127,2021,Steel,RR,aky CG Works,/images/cards-collection/duraludon-v-blue-sky-stream-073-127-jp.webp,,NM,available,,
mega-zygarde-ex-fever-burst-fighter-046-080-jp,Mega Zygarde ex,Fever-Burst Fighter,046/080,2016,Fighting,RR,takuyoa,/images/cards-collection/mega-zygarde-ex-fever-burst-fighter-046-080-jp.webp,,NM,available,,
regidrago-vstar-paradigm-trigger-077-098-jp,Regidrago VSTAR,Paradigm Trigger,077/098,2022,Dragon,RRR,PLANETA Yamashita,/images/cards-collection/regidrago-vstar-paradigm-trigger-077-098-jp.webp,,NM,available,,
regidrago-vstar-paradigm-trigger-077-098-jp-2,Regidrago VSTAR,Paradigm Trigger,077/098,2022,Dragon,RRR,PLANETA Yamashita,/images/cards-collection/regidrago-vstar-paradigm-trigger-077-098-jp-2.webp,,NM,available,,
mega-zygarde-ex-ruler-of-the-black-flame-097-080-jp,Mega Zygarde ex,Ruler of the Black Flame,097/080,2023,Fighting,SR,takuyoa,/images/cards-collection/mega-zygarde-ex-ruler-of-the-black-flame-097-080-jp.webp,,NM,available,,
mega-dragonite-ex-destined-rivals-126-193-jp,Mega Dragonite ex,Destined Rivals,126/193,2025,Dragon,RR,aky CG Works,/images/cards-collection/mega-dragonite-ex-destined-rivals-126-193-jp.webp,,NM,available,,
hawlucha-shiny-treasure-ex-282-190-jp,Hawlucha,Shiny Treasure ex,282/190,2023,Fighting,Other,Souichirou Gunjima,/images/cards-collection/hawlucha-shiny-treasure-ex-282-190-jp.webp,,NM,available,,
alolan-vulpix-v-incandescent-arcana-022-068-jp,Alolan Vulpix V,Incandescent Arcana,022/068,2022,Water,RR,Ryota Murayama,/images/cards-collection/alolan-vulpix-v-incandescent-arcana-022-068-jp.webp,,NM,available,,
olinight-future-flash-204-190-jp,Olinight,Future Flash,204/190,2023,Grass,Common,saino misaki,/images/cards-collection/olinight-future-flash-204-190-jp.webp,,NM,available,,
hoppip-shiny-treasure-ex-195-190-jp,Hoppip,Shiny Treasure ex,195/190,2023,Grass,SR,Saya Tsuruta,/images/cards-collection/hoppip-shiny-treasure-ex-195-190-jp.webp,,NM,available,,
charizard-ex-paradise-dragona-115-190-jp,Charizard ex,Paradise Dragona,115/190,2023,Fire,RR,5ban Graphics,/images/cards-collection/charizard-ex-paradise-dragona-115-190-jp.webp,,NM,available,,
hisuian-electrode-v-dark-phantasma-078-071-jp,Hisuian Electrode V,Dark Phantasma,078/071,2022,Grass,SR,5ban Graphics,/images/cards-collection/hisuian-electrode-v-dark-phantasma-078-071-jp.webp,,NM,available,,
salazzle-ex-crimson-haze-094-080-jp,Salazzle ex,Crimson Haze,094/080,2024,Fire,SR,5ban Graphics,/images/cards-collection/salazzle-ex-crimson-haze-094-080-jp.webp,,NM,available,,
mewtwo-lost-abyss-035-068-jp,Mewtwo,Lost Abyss,035/068,2022,Psychic,Rare,Atsushi Furusawa,/images/cards-collection/mewtwo-lost-abyss-035-068-jp.webp,,NM,available,,
origin-forme-dialga-vstar-vstar-universe-101-172-jp,Origin Forme Dialga VSTAR,VSTAR Universe,101/172,2022,Steel,RRR,5ban Graphics,/images/cards-collection/origin-forme-dialga-vstar-vstar-universe-101-172-jp.webp,,NM,available,,
rikurage-ex-shiny-treasure-ex-322-190-jp,Rikurage ex,Shiny Treasure ex,322/190,2023,Grass,SSR,5ban Graphics,/images/cards-collection/rikurage-ex-shiny-treasure-ex-322-190-jp.webp,,NM,available,,
golduck-crimson-haze-033-193-jp,Golduck,Crimson Haze,033/193,2025,Water,Uncommon,Jiro Sasumo,/images/cards-collection/golduck-crimson-haze-033-193-jp.webp,,NM,available,,
silcoon-terastal-festival-ex-007-193-jp,Silcoon,Terastal Festival ex,007/193,2025,Grass,Common,June,/images/cards-collection/silcoon-terastal-festival-ex-007-193-jp.webp,,NM,available,,
mega-gardevoir-ex-mega-symphonia-226-193-jp,Mega Gardevoir ex,Mega Symphonia,226/193,2025,Psychic,UR,Saboteri,/images/cards-collection/mega-gardevoir-ex-mega-symphonia-226-193-jp.webp,,NM,available,,
lugia-v-paradigm-trigger-079-098-jp,Lugia V,Paradigm Trigger,079/098,2022,Normal,RR,Mitsuhiro Arita,/images/cards-collection/lugia-v-paradigm-trigger-079-098-jp.webp,,NM,available,,
mega-glalie-ex-transformation-mask-224-193-jp,Mega Glalie ex,Transformation Mask,224/193,2025,Water,UR,Saboteri,/images/cards-collection/mega-glalie-ex-transformation-mask-224-193-jp.webp,,NM,available,,
telepass-energy-mewtwo-vs-mew-gx-premium-collection-079-080-jp,Telepass Energy,Mewtwo vs Mew-GX Premium Collection,079/080,2026,Psychic,UR,,/images/cards-collection/telepass-energy-mewtwo-vs-mew-gx-premium-collection-079-080-jp.webp,,NM,available,,
soublaze-ex-scarlet-violet-leki-start-006-022-jp,Soublaze ex,Scarlet & Violet Leki Start,006/022,2024,Fire,Other,5ban Graphics,/images/cards-collection/soublaze-ex-scarlet-violet-leki-start-006-022-jp.webp,,NM,available,,
charizard-matchless-fighters-017-184-jp,Charizard,Matchless Fighters,017/184,2021,Fire,Rare,NC Empire,/images/cards-collection/charizard-matchless-fighters-017-184-jp.webp,,NM,available,,
hop-s-dubwool-pokemon-card-game-classic-142-193-jp,Hop's Dubwool,Pokémon Card Game Classic,142/193,2025,Normal,Holo,Ryota Murayama,/images/cards-collection/hop-s-dubwool-pokemon-card-game-classic-142-193-jp.webp,,NM,available,,
lucario-ex-scarlet-violet-starter-set-ex-009-023-jp,Lucario ex,Scarlet & Violet Starter Set ex,009/023,2023,Fighting,RR,5ban Graphics,/images/cards-collection/lucario-ex-scarlet-violet-starter-set-ex-009-023-jp.webp,,NM,available,,
team-rocket-s-articuno-mask-of-change-034-193-jp,Team Rocket's Articuno,Mask of Change,034/193,2025,Water,Holo,Mitsuhiro Arita,/images/cards-collection/team-rocket-s-articuno-mask-of-change-034-193-jp.webp,,NM,available,,
mega-lucario-ex-mega-battle-deck-ex-228-193-jp,Mega Lucario ex,Mega Battle Deck ex,228/193,2025,Fighting,UR,5ban Graphics,/images/cards-collection/mega-lucario-ex-mega-battle-deck-ex-228-193-jp.webp,,NM,available,,
roaring-moon-ex-ancient-roar-093-066-jp,Roaring Moon ex,Ancient Roar,093/066,2023,Dark,UR,takuyoa,/images/cards-collection/roaring-moon-ex-ancient-roar-093-066-jp.webp,,NM,available,,
mewtwo-ex-pokemon-card-151-001-020-jp,Mewtwo ex,Pokemon Card 151,001/020,2023,Psychic,UR,aky CG Works,/images/cards-collection/mewtwo-ex-pokemon-card-151-001-020-jp.webp,,NM,available,,
mega-lucario-ex-cyber-judge-078-063-jp,Mega Lucario ex,Cyber Judge,078/063,2024,Fighting,SR,takuyoa,/images/cards-collection/mega-lucario-ex-cyber-judge-078-063-jp.webp,,NM,available,,
tyrunt-destined-rivals-089-080-jp,Tyrunt,Destined Rivals,089/080,2026,Fighting,AR,Shimaris Yukichi,/images/cards-collection/tyrunt-destined-rivals-089-080-jp.webp,,NM,available,,
mega-dragonite-ex-destined-rivals-232-193-jp,Mega Dragonite ex,Destined Rivals,232/193,2025,Dragon,UR,DOM,/images/cards-collection/mega-dragonite-ex-destined-rivals-232-193-jp.webp,,NM,available,,
machamp-vmax-vstar-universe-072-172-jp,Machamp VMAX,VSTAR Universe,072/172,2022,Fighting,RRR,N-DESIGN Inc.,/images/cards-collection/machamp-vmax-vstar-universe-072-172-jp.webp,,NM,available,,
basgili-vstar-pokemon-go-041-067-jp,Basgili VSTAR,Pokemon GO,041/067,2022,Fighting,RRR,5ban Graphics,/images/cards-collection/basgili-vstar-pokemon-go-041-067-jp.webp,,NM,available,,
terrakion-destined-rivals-051-086-jp,Terrakion,Destined Rivals,051/086,2025,Fighting,Rare,Tonji Matsuno,/images/cards-collection/terrakion-destined-rivals-051-086-jp.webp,,NM,available,,
dewgong-mask-of-change-019-080-jp,Dewgong,Mask of Change,019/080,2024,Water,Rare,Yoshioka,/images/cards-collection/dewgong-mask-of-change-019-080-jp.webp,,NM,available,,
meowstic-crimson-haze-033-080-jp,Meowstic,Crimson Haze,033/080,2024,Psychic,Uncommon,Kannnu,/images/cards-collection/meowstic-crimson-haze-033-080-jp.webp,,NM,available,,
cofagrigus-crimson-haze-081-080-jp,Cofagrigus,Crimson Haze,081/080,2026,Grass,AR,kamonabe,/images/cards-collection/cofagrigus-crimson-haze-081-080-jp.webp,,NM,available,,
bulbasaur-clay-burst-001-165-jp,Bulbasaur,Clay Burst,001/165,2023,Grass,Common,Yuu Nishida,/images/cards-collection/bulbasaur-clay-burst-001-165-jp.webp,,NM,available,,
blaziken-vmax-matchless-fighters-020-184-jp,Blaziken VMAX,Matchless Fighters,020/184,2021,Fire,RRR,AKIRA EGAWA,/images/cards-collection/blaziken-vmax-matchless-fighters-020-184-jp.webp,,NM,available,,
gloom-shiny-treasure-ex-192-190-jp,Gloom,Shiny Treasure ex,192/190,2023,Grass,S,OKACHEKE,/images/cards-collection/gloom-shiny-treasure-ex-192-190-jp.webp,,NM,available,,
crocalor-future-flash-218-190-jp,Crocalor,Future Flash,218/190,2023,Fire,SR,Atsushi Furusawa,/images/cards-collection/crocalor-future-flash-218-190-jp.webp,,NM,available,,
lucario-vstar-pokemon-go-005-021-jp,Lucario VSTAR,Pokemon GO,005/021,2022,Fighting,RR,Illus.aky CG Works,/images/cards-collection/lucario-vstar-pokemon-go-005-021-jp.webp,,NM,available,,
morpeko-v-s1h-start-deck-100-019-060-jp,Morpeko V,S1H Start Deck 100,019/060,2020,Electric,RR,5ban Graphics,/images/cards-collection/morpeko-v-s1h-start-deck-100-019-060-jp.webp,,NM,available,,
radiant-steelix-paradigm-trigger-050-071-jp,Radiant Steelix,Paradigm Trigger,050/071,2022,Steel,Other,Sanosuke Sakuma,/images/cards-collection/radiant-steelix-paradigm-trigger-050-071-jp.webp,,NM,available,,
venusaur-pokemon-go-003-071-jp,Venusaur,Pokemon GO,003/071,2022,Grass,Rare,KEIICHIRO ITO,/images/cards-collection/venusaur-pokemon-go-003-071-jp.webp,,NM,available,,
nidoqueen-pokemon-card-151-031-165-jp,Nidoqueen,Pokémon Card 151,031/165,2023,Dark,Uncommon,Teeziro,/images/cards-collection/nidoqueen-pokemon-card-151-031-165-jp.webp,,NM,available,,
team-rocket-s-nidoking-ex-destined-rivals-063-098-jp,Team Rocket's Nidoking ex,Destined Rivals,063/098,2025,Psychic,RR,5ban Graphics,/images/cards-collection/team-rocket-s-nidoking-ex-destined-rivals-063-098-jp.webp,,NM,available,,
hippowdon-battle-region-042-067-jp,Hippowdon,Battle Region,042/067,2022,Fighting,Uncommon,Kyoko Umemoto,/images/cards-collection/hippowdon-battle-region-042-067-jp.webp,,NM,available,,
blaziken-vmax-rapid-strike-master-008-070-jp,Blaziken VMAX,Rapid Strike Master,008/070,2021,Fire,RRR,AKIRA EGAWA,/images/cards-collection/blaziken-vmax-rapid-strike-master-008-070-jp.webp,,NM,available,,
haunter-pokemon-card-151-093-165-jp,Haunter,Pokemon Card 151,093/165,2023,Psychic,Uncommon,Tomokazu Komiya,/images/cards-collection/haunter-pokemon-card-151-093-165-jp.webp,,NM,available,,
shaymin-v-star-birth-012-100-jp,Shaymin V,Star Birth,012/100,2022,Grass,RR,Satoshi Shirai,/images/cards-collection/shaymin-v-star-birth-012-100-jp.webp,,NM,available,,
charmeleon-pokemon-card-gym-promo-045-m-p-jp,Charmeleon,Pokemon Card Gym Promo,045/M-P,2025,Fire,Promo,Teeziro,/images/cards-collection/charmeleon-pokemon-card-gym-promo-045-m-p-jp.webp,,NM,available,,
gengar-surging-sparks-049-080-jp,Gengar,Surging Sparks,049/080,2026,Psychic,Uncommon,Masako Tomii,/images/cards-collection/gengar-surging-sparks-049-080-jp.webp,,NM,available,,
raging-bolt-terastal-festival-ex-100-187-jp,Raging Bolt,Terastal Festival ex,100/187,2024,Electric,Holo,hncl,/images/cards-collection/raging-bolt-terastal-festival-ex-100-187-jp.webp,,NM,available,,
hoopa-v-fusion-arts-066-100-jp,Hoopa V,Fusion Arts,066/100,2021,Dark,RR,takuyoa,/images/cards-collection/hoopa-v-fusion-arts-066-100-jp.webp,,NM,available,,
mew-ex-future-flash-076-190-jp,Mew ex,Future Flash,076/190,2023,Psychic,RR,aky CG Works,/images/cards-collection/mew-ex-future-flash-076-190-jp.webp,,NM,available,,
ratticate-mustard-yellow-092-080-jp,Ratticate,Mustard Yellow,092/080,2026,Normal,AR,Mina Nakai,/images/cards-collection/ratticate-mustard-yellow-092-080-jp.webp,,NM,available,,
mega-bibarel-ex-destined-rivals-225-193-jp,Mega Bibarel ex,Destined Rivals,225/193,2025,Electric,SAR,DOM,/images/cards-collection/mega-bibarel-ex-destined-rivals-225-193-jp.webp,,NM,available,,
mask-of-change-248-193-jp,カナリィ,Mask of Change,248/193,2025,Normal,SAR,kantaro,/images/cards-collection/mask-of-change-248-193-jp.webp,,NM,available,,
hisuian-arcanine-v-paradigm-trigger-104-098-jp,Hisuian Arcanine V,Paradigm Trigger,104/098,2022,Fighting,SR,5ban Graphics,/images/cards-collection/hisuian-arcanine-v-paradigm-trigger-104-098-jp.webp,,NM,available,,
hop-s-dubwool-mask-of-change-204-193-jp,Hop's Dubwool,Mask of Change,204/193,2024,Psychic,AR,Tomowaka,/images/cards-collection/hop-s-dubwool-mask-of-change-204-193-jp.webp,,NM,available,,
n-s-point-up-destined-rivals-214-193-jp,N's Point Up,Destined Rivals,214/193,2025,Normal,SR,Toyste Beach,/images/cards-collection/n-s-point-up-destined-rivals-214-193-jp.webp,,NM,available,,
charizard-ex-ruler-of-the-black-flame-066-108-jp,Charizard ex,Ruler of the Black Flame,066/108,2023,Fire,RR,5ban Graphics,/images/cards-collection/charizard-ex-ruler-of-the-black-flame-066-108-jp.webp,,NM,available,,
lunatone-masterduel-set-terastal-festival-ex-086-193-jp,Lunatone,Masterduel set / Terastal Festival ex,086/193,2025,Fighting,Rare,Ounishi,/images/cards-collection/lunatone-masterduel-set-terastal-festival-ex-086-193-jp.webp,,NM,available,,
mashimashira-mask-of-change-081-193-jp,Mashimashira,Mask of Change,081/193,2024,Psychic,Holo,kodama,/images/cards-collection/mashimashira-mask-of-change-081-193-jp.webp,,NM,available,,
rayquaza-master-ball-subset-151-reprint-127-193-jp,Rayquaza,Master Ball subset (151 reprint),127/193,2025,Dragon,Rare,nagimiso,/images/cards-collection/rayquaza-master-ball-subset-151-reprint-127-193-jp.webp,,NM,available,,
genesect-v-fusion-arts-102-172-jp,Genesect V,Fusion Arts,102/172,2021,Steel,RR,PLANETA Tsuji,/images/cards-collection/genesect-v-fusion-arts-102-172-jp.webp,,NM,available,,
mega-garchomp-ex-terastal-festival-ex-098-080-jp,Mega Garchomp ex,Terastal Festival ex,098/080,2024,Water,SR,5ban Graphics,/images/cards-collection/mega-garchomp-ex-terastal-festival-ex-098-080-jp.webp,,NM,available,,
scizor-ruler-of-the-black-flame-116-108-jp,Scizor,Ruler of the Black Flame,116/108,2023,Steel,AR,Oku,/images/cards-collection/scizor-ruler-of-the-black-flame-116-108-jp.webp,,NM,available,,
mirai-don-ex-wild-force-046-139-jp,Mirai don ex,Wild Force,046/139,2024,Electric,RR,5ban Graphics,/images/cards-collection/mirai-don-ex-wild-force-046-139-jp.webp,,NM,available,,
mew-ex-151-151-165-jp,Mew ex,151,151/165,2023,Psychic,RR,aky CG Works,/images/cards-collection/mew-ex-151-151-165-jp.webp,,NM,available,8.2,2026-05-31
shinx-shiny-treasure-ex-240-190-jp,Shinx,Shiny Treasure ex,240/190,2023,Electric,Other,Saya Tsuruta,/images/cards-collection/shinx-shiny-treasure-ex-240-190-jp.webp,,NM,available,,
oddish-shiny-treasure-ex-191-190-jp,Oddish,Shiny Treasure ex,191/190,2023,Grass,Other,otumami,/images/cards-collection/oddish-shiny-treasure-ex-191-190-jp.webp,,NM,available,,
wugtrio-shiny-treasure-ex-267-190-jp,Wugtrio,Shiny Treasure ex,267/190,2023,Psychic,SR,Sanosuke Sakuma,/images/cards-collection/wugtrio-shiny-treasure-ex-267-190-jp.webp,,NM,available,,
scyther-shiny-treasure-ex-194-190-jp,Scyther,Shiny Treasure ex,194/190,2023,Grass,Other,Hitoshi Ariga,/images/cards-collection/scyther-shiny-treasure-ex-194-190-jp.webp,,NM,available,,
oinkologne-shiny-treasure-ex-316-190-jp,Oinkologne,Shiny Treasure ex,316/190,2023,Normal,S,Misa Tsutsui,/images/cards-collection/oinkologne-shiny-treasure-ex-316-190-jp.webp,,NM,available,,
deka-nuchang-shiny-treasure-ex-273-190-jp,Deka Nuchang,Shiny Treasure ex,273/190,2023,Psychic,SR,Kagemaru Himeno,/images/cards-collection/deka-nuchang-shiny-treasure-ex-273-190-jp.webp,,NM,available,,
regieleki-vmax-paradigm-trigger-034-098-jp,Regieleki VMAX,Paradigm Trigger,034/098,2022,Electric,RRR,N-DESIGN Inc.,/images/cards-collection/regieleki-vmax-paradigm-trigger-034-098-jp.webp,,NM,available,,
pikachu-ex-super-electric-breaker-033-106-jp,Pikachu ex,Super Electric Breaker,033/106,2024,Electric,RR,aky CG Works,/images/cards-collection/pikachu-ex-super-electric-breaker-033-106-jp.webp,,NM,available,,
hisuian-samurott-vstar-vstar-universe-087-172-jp,Hisuian Samurott VSTAR,VSTAR Universe,087/172,2022,Dark,RRR,5ban Graphics,/images/cards-collection/hisuian-samurott-vstar-vstar-universe-087-172-jp.webp,,NM,available,,
gengar-dark-phantasma-023-071-jp,Gengar,Dark Phantasma,023/071,2022,Psychic,Rare,Narumi Sato,/images/cards-collection/gengar-dark-phantasma-023-071-jp.webp,,NM,available,,
team-rocket-s-mewtwo-ex-mask-of-change-063-193-jp,Team Rocket's Mewtwo ex,Mask of Change,063/193,2025,Psychic,RR,aky CG Works,/images/cards-collection/team-rocket-s-mewtwo-ex-mask-of-change-063-193-jp.webp,,NM,available,,
team-rocket-s-moltres-ex-terastal-festival-ex-112-098-jp,Team Rocket's Moltres ex,Terastal Festival ex,112/098,2025,Fire,SR,5ban Graphics,/images/cards-collection/team-rocket-s-moltres-ex-terastal-festival-ex-112-098-jp.webp,,NM,available,,
arceus-v-vstar-universe-126-172-jp,Arceus V,VSTAR Universe,126/172,2022,Normal,RR,N-DESIGN Inc.,/images/cards-collection/arceus-v-vstar-universe-126-172-jp.webp,,NM,available,,
dewgong-pokemon-card-151-087-165-jp,Dewgong,Pokemon Card 151,087/165,2023,Water,Uncommon,aoki,/images/cards-collection/dewgong-pokemon-card-151-087-165-jp.webp,,NM,available,,
hitotsuki-terastal-festival-ex-109-187-jp,Hitotsuki,Terastal Festival ex,109/187,2024,Steel,Holo,Nagomi Nijo,/images/cards-collection/hitotsuki-terastal-festival-ex-109-187-jp.webp,,NM,available,,
hisuian-sneasler-v-dark-phantasma-074-067-jp,Hisuian Sneasler V,Dark Phantasma,074/067,2022,Dark,SR,5ban Graphics,/images/cards-collection/hisuian-sneasler-v-dark-phantasma-074-067-jp.webp,,NM,available,,
zekrom-ex-surging-sparks-037-086-jp,Zekrom ex,Surging Sparks,037/086,2024,Electric,RR,takuyoo,/images/cards-collection/zekrom-ex-surging-sparks-037-086-jp.webp,,NM,available,,
slowking-ex-clay-burst-030-071-jp,Slowking ex,Clay Burst,030/071,2023,Psychic,RR,5ban Graphics,/images/cards-collection/slowking-ex-clay-burst-030-071-jp.webp,,NM,available,,
tapu-koko-terastal-festival-ex-054-193-jp,Tapu Koko,Terastal Festival ex,054/193,2025,Electric,RR,Anesaki Dynamic,/images/cards-collection/tapu-koko-terastal-festival-ex-054-193-jp.webp,,NM,available,,
hisuian-samurott-v-battle-region-052-067-jp,Hisuian Samurott V,Battle Region,052/067,2022,Water,RR,Shin Nagasawa,/images/cards-collection/hisuian-samurott-v-battle-region-052-067-jp.webp,,NM,available,,
hibiki-s-heracross-battle-partners-001-193-jp,Hibiki's Heracross,Battle Partners,001/193,2025,Grass,AR,GIDORA,/images/cards-collection/hibiki-s-heracross-battle-partners-001-193-jp.webp,,NM,available,,
shiny-charizard-stellar-miracle-001-044-jp,Shiny Charizard,Stellar Miracle,001/044,2024,Fire,Other,Kouki Saitou,/images/cards-collection/shiny-charizard-stellar-miracle-001-044-jp.webp,,NM,available,,
zoroark-eevee-heroes-050-069-jp,Zoroark,Eevee Heroes,050/069,2021,Dark,Rare,Souichirou Gunjima,/images/cards-collection/zoroark-eevee-heroes-050-069-jp.webp,,NM,available,,
hibiki-s-magcargo-pokemon-masters-ex-promo-019-193-jp,Hibiki's Magcargo,Pokémon Masters EX Promo,019/193,2025,Fire,Other,kodama,/images/cards-collection/hibiki-s-magcargo-pokemon-masters-ex-promo-019-193-jp.webp,,NM,available,,
chien-pao-transformation-mask-043-193-jp,Chien-Pao,Transformation Mask,043/193,2025,Water,Holo,toi8,/images/cards-collection/chien-pao-transformation-mask-043-193-jp.webp,,NM,available,,
team-rocket-s-mewtwo-ex-destined-rivals-039-098-jp,Team Rocket's Mewtwo ex,Destined Rivals,039/098,2025,Psychic,RR,aky CG Works,/images/cards-collection/team-rocket-s-mewtwo-ex-destined-rivals-039-098-jp.webp,,NM,available,,
kadabra-wild-force-254-190-jp,Kadabra,Wild Force,254/190,2024,Psychic,Common,Souichirou Gunjima,/images/cards-collection/kadabra-wild-force-254-190-jp.webp,,NM,available,,
team-rocket-s-mimikyu-mask-of-change-079-193-jp,Team Rocket's Mimikyu,Mask of Change,079/193,2025,Psychic,AR,DOM,/images/cards-collection/team-rocket-s-mimikyu-mask-of-change-079-193-jp.webp,,NM,available,,
iono-s-kilowattrel-mask-of-change-059-193-jp,Iono's Kilowattrel,Mask of Change,059/193,2024,Electric,AR,DOM,/images/cards-collection/iono-s-kilowattrel-mask-of-change-059-193-jp.webp,,NM,available,,
chien-pao-terastal-festival-ex-087-187-jp,Chien-Pao,Terastal Festival ex,087/187,2024,Fighting,Rare,Shinji Kanda,/images/cards-collection/chien-pao-terastal-festival-ex-087-187-jp.webp,,NM,available,,
reshiram-ex-pokemon-card-game-festa-m2a-029-193-jp,Reshiram ex,Pokémon Card Game festa M2a,029/193,2025,Fire,RR,5ban Graphics,/images/cards-collection/reshiram-ex-pokemon-card-game-festa-m2a-029-193-jp.webp,,NM,available,,
pikachu-ex-mask-of-change-044-193-jp,Pikachu ex,Mask of Change,044/193,2024,Electric,RR,aky CG Works,/images/cards-collection/pikachu-ex-mask-of-change-044-193-jp.webp,,NM,available,,
glaceon-ex-terastal-festival-ex-041-187-jp,Glaceon ex,Terastal Festival ex,041/187,2024,Water,RR,aky CG Works,/images/cards-collection/glaceon-ex-terastal-festival-ex-041-187-jp.webp,,NM,available,,
vaporeon-terastal-festival-ex-030-187-jp,Vaporeon,Terastal Festival ex,030/187,2024,Water,Holo,Taira Akitsu,/images/cards-collection/vaporeon-terastal-festival-ex-030-187-jp.webp,,NM,available,,
mega-bibarel-ex-masterball-mirror-049-193-jp,Mega Bibarel ex,Masterball Mirror,049/193,2025,Electric,RR,takuyoa,/images/cards-collection/mega-bibarel-ex-masterball-mirror-049-193-jp.webp,,NM,available,,
n-s-zekrom-prismatic-evolutions-129-193-jp,N's Zekrom,Prismatic Evolutions,129/193,2025,Electric,AR,AKIRA EGAWA,/images/cards-collection/n-s-zekrom-prismatic-evolutions-129-193-jp.webp,,NM,available,,
vivillon-snap-of-fingers-009-080-jp,Vivillon,Snap of Fingers,009/080,2026,Grass,Uncommon,mingo,/images/cards-collection/vivillon-snap-of-fingers-009-080-jp.webp,,NM,available,,
mega-sharpedo-ex-cyber-judge-051-080-jp,Mega Sharpedo ex,Cyber Judge,051/080,2024,Water,RR,5ban Graphics,/images/cards-collection/mega-sharpedo-ex-cyber-judge-051-080-jp.webp,,NM,available,,
latios-twilight-masquerade-027-066-jp,Latios,Twilight Masquerade,027/066,2024,Psychic,RR,chibi,/images/cards-collection/latios-twilight-masquerade-027-066-jp.webp,,NM,available,,
zekrom-ex-destined-rivals-161-086-jp,Zekrom ex,Destined Rivals,161/086,2025,Electric,SR,takuyoa,/images/cards-collection/zekrom-ex-destined-rivals-161-086-jp.webp,,NM,available,,
reshiram-ex-terastal-festival-ex-160-086-jp,Reshiram ex,Terastal Festival ex,160/086,2025,Fire,SR,5ban Graphics,/images/cards-collection/reshiram-ex-terastal-festival-ex-160-086-jp.webp,,NM,available,,
ditto-vstar-universe-117-172-jp,Ditto,VSTAR Universe,117/172,2022,Normal,AR,KIYOTAKA OSHIYAMA,/images/cards-collection/ditto-vstar-universe-117-172-jp.webp,,NM,available,,
mewtwo-vstar-pokemon-go-031-071-jp,Mewtwo VSTAR,Pokemon GO,031/071,2022,Psychic,RRR,PLANETA Mochizuki,/images/cards-collection/mewtwo-vstar-pokemon-go-031-071-jp.webp,,NM,available,,
beautifly-extradimensional-crisis-194-193-jp,Beautifly,Extradimensional Crisis,194/193,2025,Grass,AR,Mori Yuu,/images/cards-collection/beautifly-extradimensional-crisis-194-193-jp.webp,,NM,available,,
reshiram-ex-destined-rivals-017-086-jp,Reshiram ex,Destined Rivals,017/086,2025,Fire,RR,5ban Graphics,/images/cards-collection/reshiram-ex-destined-rivals-017-086-jp.webp,,NM,available,,
terapagos-ex-mask-of-change-145-193-jp,Terapagos ex,Mask of Change,145/193,2024,Normal,RR,5ban Graphics,/images/cards-collection/terapagos-ex-mask-of-change-145-193-jp.webp,,NM,available,,
slowbro-paradise-dragona-020-078-jp,Slowbro,Paradise Dragona,020/078,2023,Water,Rare,Shinji Kanda,/images/cards-collection/slowbro-paradise-dragona-020-078-jp.webp,,NM,available,,
soublaze-shiny-treasure-ex-268-190-jp,Soublaze,Shiny Treasure ex,268/190,2023,Psychic,Other,Kouki Saitou,/images/cards-collection/soublaze-shiny-treasure-ex-268-190-jp.webp,,NM,available,,
mega-aerodactyl-ex-ancient-roar-099-080-jp,Mega Aerodactyl ex,Ancient Roar,099/080,2023,Fighting,SR,5ban Graphics,/images/cards-collection/mega-aerodactyl-ex-ancient-roar-099-080-jp.webp,,NM,available,,
galarian-articuno-v-dual-champ-025-070-jp,Galarian Articuno V,Dual Champ,025/070,2021,Psychic,RR,5ban Graphics,/images/cards-collection/galarian-articuno-v-dual-champ-025-070-jp.webp,,NM,available,,
terastal-orb-prismatic-evolutions-152-193-jp,Terastal Orb,Prismatic Evolutions,152/193,2025,Normal,Uncommon,Ayaka Yoshida,/images/cards-collection/terastal-orb-prismatic-evolutions-152-193-jp.webp,,NM,available,,
arceus-vstar-star-birth-010-021-jp,Arceus VSTAR,Star Birth,010/021,2022,Normal,RR,5ban Graphics,/images/cards-collection/arceus-vstar-star-birth-010-021-jp.webp,,NM,available,,
luxray-crimson-haze-027-080-jp,Luxray,Crimson Haze,027/080,2026,Electric,RR,Taiga Kasai,/images/cards-collection/luxray-crimson-haze-027-080-jp.webp,,NM,available,,